Entry,Q_K_V,Q_mul_k,A_mul_V,Wo_proj,W1_proj,W2_proj,Softmax,Layernorm,GeLU,Allreduce
latency,0.0002058147,0.00019632861818181816,0.00019531695625,2.28683e-05,2.4046599999999998e-05,2.4596599999999998e-05
compute_latency,5.4549e-06,0.0001745427090909091,0.0001741168,1.8183e-06,2.9665999999999997e-06,2.3066e-06
io_latency,1.5e-07,7.859090909090908e-07,2.0015625e-07,5e-08,8e-08,1.29e-06
kernel_launch_overhead,6.3e-05,2.1e-05,2.1e-05,2.1e-05,2.1e-05,2.1e-05
simd_utilization,0.375,0.001953125,0.00390625,0.375,1.0,0.75
capacity_utilization,0.00048828125,0.000244140625,0.00048828125,0.00048828125,0.00048828125,0.00048828125
tiling_utilization,"{'C': 1, 'R': 1, 'B': 1, 'A': 1, 'S': 1, 'D': 1}","{'C': 1, 'R': 1, 'B': 0.6875, 'A': 1, 'S': 1, 'D': 0.25}","{'C': 1, 'R': 1, 'B': 1, 'A': 1, 'S': 1, 'D': 0.25}","{'C': 1, 'R': 1, 'B': 1, 'A': 1, 'S': 1, 'D': 1}","{'C': 1, 'R': 1, 'B': 1, 'A': 1, 'S': 1, 'D': 1}","{'C': 1, 'R': 1, 'B': 1, 'A': 1, 'S': 1, 'D': 1}"
