Entry,Q_K_V,Q_mul_k,A_mul_V,Wo_proj,W1_proj,W2_proj,Softmax,Layernorm,GeLU,Allreduce
latency,0.00022779045,0.00024093572307692308,0.00024072872307692313,2.531005e-05,2.8192299999999998e-05,2.819005e-05
compute_latency,1.00479e-05,0.00018945180000000001,0.00020432418461538464,3.3493000000000003e-06,3.3493000000000003e-06,3.3493000000000003e-06
io_latency,2.8822499999999994e-06,3.0483923076923074e-05,1.5404538461538463e-05,9.607499999999999e-07,3.8429999999999995e-06,3.84075e-06
kernel_launch_overhead,6.3e-05,2.1e-05,2.1e-05,2.1e-05,2.1e-05,2.1e-05
simd_utilization,0.05859375,0.00390625,0.00390625,0.05859375,0.234375,0.234375
capacity_utilization,0.0001220703125,6.103515625e-05,6.103515625e-05,0.0001220703125,0.0001220703125,0.0001220703125
tiling_utilization,"{'C': 1, 'R': 1, 'B': 1, 'A': 1, 'S': 1, 'D': 1}","{'C': 1, 'R': 1, 'B': 1, 'A': 0.03125, 'S': 1, 'D': 0.8125}","{'C': 1, 'R': 0.203125, 'B': 1, 'A': 1, 'S': 1, 'D': 0.125}","{'C': 1, 'R': 1, 'B': 1, 'A': 1, 'S': 1, 'D': 1}","{'C': 1, 'R': 1, 'B': 1, 'A': 1, 'S': 1, 'D': 1}","{'C': 1, 'R': 1, 'B': 1, 'A': 1, 'S': 1, 'D': 1}"
