Q_K_V,Q_mul_k,A_mul_V,Wo_proj,W1_proj,W2_proj,Softmax,Layernorm,GeLU,Allreduce
0.00019379519999999998,0.00032307680000000005,0.00025139680000000003,6.45984e-05,0.0001759536,0.0001517136,1.2e-05,4.5e-05,4.5e-05,0
8.47152e-05,0.0002150368,0.0001791968,2.8238400000000004e-05,0.00010887360000000001,9.99936e-05
4.6080000000000006e-05,8.704000000000001e-05,5.120000000000001e-05,1.5360000000000002e-05,4.608e-05,3.0720000000000004e-05
6.3e-05,2.1e-05,2.1e-05,2.1e-05,2.1e-05,2.1e-05
