Q_K_V,Q_mul_k,A_mul_V,Wo_proj,W1_proj,W2_proj,Softmax,Layernorm,GeLU,Allreduce
0.0022173263999999996,0.0004024336,0.00029491360000000004,0.0007391087999999999,0.0028739952000000004,0.0028497552,1.2e-05,4.5e-05,4.5e-05,0
0.0021082464,0.0002585536,0.00022271360000000002,0.0007027488,0.0028069152,0.0027980352
4.6080000000000006e-05,0.00012288000000000002,5.120000000000001e-05,1.5360000000000002e-05,4.608e-05,3.0720000000000004e-05
6.3e-05,2.1e-05,2.1e-05,2.1e-05,2.1e-05,2.1e-05
