Entry,Q_K_V,Q_mul_k,A_mul_V,Wo_proj,W1_proj,W2_proj,Softmax,Layernorm,GeLU,Allreduce
latency,0.0017003334857142857,0.0004660848000000001,0.00043741280000000003,0.00018892594285714286,0.0005762763428571428,0.00051285
compute_latency,0.0003843812571428571,0.0002484768,0.0002484768,0.0001281270857142857,0.0005084283428571429,0.00040583400000000004
io_latency,0.00011939657142857142,0.00019660800000000003,0.00016793599999999999,3.979885714285714e-05,4.6848e-05,8.601600000000001e-05
kernel_launch_overhead,6.3e-05,2.1e-05,2.1e-05,2.1e-05,2.1e-05,2.1e-05
simd_utilization,1.0,0.125,0.125,1.0,1.0,1.0
capacity_utilization,0.12451171875,0.00634765625,0.00634765625,0.12451171875,0.12451171875,0.400390625
tiling_utilization,"{'C': 1, 'R': 1, 'B': 1, 'A': 1, 'S': 1, 'D': 0.875}","{'C': 1, 'R': 1, 'B': 1, 'A': 1, 'S': 1, 'D': 1}","{'C': 1, 'R': 1, 'B': 1, 'A': 1, 'S': 1, 'D': 1}","{'C': 1, 'R': 1, 'B': 1, 'A': 1, 'S': 1, 'D': 0.875}","{'C': 1, 'R': 1, 'B': 1, 'A': 1, 'S': 1, 'D': 0.875}","{'C': 1, 'R': 1, 'B': 1, 'A': 1, 'S': 1, 'D': 1}"
