Entry,Q_K_V,Q_mul_k,A_mul_V,Wo_proj,W1_proj,W2_proj,Softmax,Layernorm,GeLU,Allreduce
latency,0.0052732944000000006,0.0003179568,0.0002373168,0.0005859216000000001,0.0022178064000000003,0.0021484463999999997
compute_latency,0.0016602048000000005,0.00020479679999999998,0.00017791680000000002,0.0005534016000000001,0.0021430464,0.0021044063999999998
io_latency,3.4559999999999994e-05,9.216000000000001e-05,3.84e-05,1.1519999999999998e-05,5.3759999999999994e-05,2.304e-05
kernel_launch_overhead,6.3e-05,2.1e-05,2.1e-05,2.1e-05,2.1e-05,2.1e-05
simd_utilization,1.0,1.0,1.0,1.0,1.0,1.0
capacity_utilization,0.01171875,6.103515625e-05,0.0001220703125,0.01171875,0.09375,0.1875
tiling_utilization,"{'C': 1, 'R': 1, 'B': 1, 'A': 1, 'S': 1, 'D': 1}","{'C': 1, 'R': 1, 'B': 1, 'A': 1, 'S': 1, 'D': 1}","{'C': 1, 'R': 1, 'B': 1, 'A': 1, 'S': 1, 'D': 1}","{'C': 1, 'R': 1, 'B': 1, 'A': 1, 'S': 1, 'D': 1}","{'C': 1, 'R': 1, 'B': 1, 'A': 1, 'S': 1, 'D': 1}","{'C': 1, 'R': 1, 'B': 1, 'A': 1, 'S': 1, 'D': 1}"
