Entry,Q_K_V,Q_mul_k,A_mul_V,Wo_proj,W1_proj,W2_proj,Softmax,Layernorm,GeLU,Allreduce
latency,0.006651979199999999,0.0004024336,0.00029491360000000004,0.0007391087999999999,0.0028739952000000004,0.0028497552
compute_latency,0.0021082464,0.0002585536,0.00022271360000000002,0.0007027488,0.0028069152,0.0027980352
io_latency,4.6080000000000006e-05,0.00012288000000000002,5.120000000000001e-05,1.5360000000000002e-05,4.608e-05,3.0720000000000004e-05
kernel_launch_overhead,6.3e-05,2.1e-05,2.1e-05,2.1e-05,2.1e-05,2.1e-05
simd_utilization,1.0,1.0,1.0,1.0,1.0,1.0
capacity_utilization,0.1875,0.0001220703125,0.000244140625,0.1875,0.75,0.1875
tiling_utilization,"{'C': 1, 'R': 1, 'B': 1, 'A': 1, 'S': 1, 'D': 1}","{'C': 1, 'R': 1, 'B': 1, 'A': 1, 'S': 1, 'D': 1}","{'C': 1, 'R': 1, 'B': 1, 'A': 1, 'S': 1, 'D': 1}","{'C': 1, 'R': 1, 'B': 1, 'A': 1, 'S': 1, 'D': 1}","{'C': 1, 'R': 1, 'B': 1, 'A': 1, 'S': 1, 'D': 1}","{'C': 1, 'R': 1, 'B': 1, 'A': 1, 'S': 1, 'D': 1}"
