Q_K_V,Q_mul_k,A_mul_V,Wo_proj,W1_proj,W2_proj,Softmax,Layernorm,GeLU,Allreduce
0.34370655840000003,0.0378747984,0.008936712,0.11456885280000001,0.45678162719999993,0.45817554719999953,1.2e-05,4.5e-05,4.5e-05,0
0.34213213439999995,0.0372885504,0.00497664,0.11404404479999998,0.4562414591999989,0.4561761791999999
0.0015114239999999997,0.000565248,0.003939072,0.0005038079999999999,0.0005191680000000002,0.001978368000000001
6.3e-05,2.1e-05,2.1e-05,2.1e-05,2.1e-05,2.1e-05
