Q_K_V,Q_mul_k,A_mul_V,Wo_proj,W1_proj,W2_proj,Softmax,Layernorm,GeLU,Allreduce
0.0001043994,0.0002642343,0.00021813180000000002,3.47998e-05,5.1079200000000004e-05,4.5759399999999994e-05,1.2e-05,4.5e-05,4.5e-05,0
3.8039399999999994e-05,0.00020482680000000002,0.00017791680000000002,1.2679799999999998e-05,2.3679200000000002e-05,2.21994e-05
3.3599999999999996e-06,3.840750000000001e-05,1.9214999999999998e-05,1.1199999999999999e-06,6.4e-06,2.5600000000000005e-06
6.3e-05,2.1e-05,2.1e-05,2.1e-05,2.1e-05,2.1e-05
