Q_K_V,Q_mul_k,A_mul_V,Wo_proj,W1_proj,W2_proj,Softmax,Layernorm,GeLU,Allreduce
6.86049e-05,0.00019632861818181816,0.00019531695625,2.28683e-05,2.4046599999999998e-05,2.4596599999999998e-05,1.2e-05,4.5e-05,4.5e-05,0
5.4549e-06,0.0001745427090909091,0.0001741168,1.8183e-06,2.9665999999999997e-06,2.3066e-06
1.5e-07,7.859090909090908e-07,2.0015625e-07,5e-08,8e-08,1.29e-06
6.3e-05,2.1e-05,2.1e-05,2.1e-05,2.1e-05,2.1e-05
